Package Kind,Package Version,Generated At,Portfolio ID,Portfolio Name,Portfolio Version,Module ID,Module Name,Module Type,Module Version,Requirement Record ID,Requirement ID,Family,Requirement Title,Applicability,Applicability Rationale,Implementation Status,Implementation Narrative,Record Classification,Counting Disposition,Authoritative Implementation Source Module ID,Authoritative Implementation Source Module Name,Inherited Base Source Module ID,Inherited Base Source Module Name,Inherited Source Requirement Record ID,Inheritance Type,Inheritance Status,Responsibility Model,CSP Responsibility,ESP Responsibility,Organization Responsibility,Module Responsibility,Owner IDs,Evidence IDs,Evidence Counting Disposition,Supplement Narrative,Supplement Owner IDs,Supplement Evidence IDs,Scope,Remediation Plan,POA&M Reference,Override State,Override Rationale,Override Fields,Impact Review State,Impact Changed Fields,Review Status,Approval Status,Open Conflict IDs,Open Conflict Fields,Source Identifiers,Legacy Identifiers,Last Validated At
cmmc_l2_ssp_portfolio_crm_v1,1.0,2026-07-22T15:00:00Z,portfolio-mcfirecoal-cmmc-l2,McFirecoal CMMC Level 2 SSP Portfolio,1.3,module-product-alpha,Federal SaaS Product Alpha,product,1.0,requirement-product-alpha-3_1_1,3.1.1,3.1,Authorized Access Control,applicable-inherited,The child uses a governed source record.,implemented,Anchor access-account implementation.,inherited-reference,reference-only-inherited,module-mcfirecoal-anchor,McFirecoal Anchor SSP,module-mcfirecoal-anchor,McFirecoal Anchor SSP,requirement-mcfirecoal-anchor-3_1_1,parent,stale,organization-led,,,Maintain and validate the source implementation.,,owner-module-mcfirecoal-anchor,evidence-3-1-1,base-evidence-reference-only,,,,,,,none,,,pending,implementationNarrative,not-reviewed,not-submitted,,,,,2026-07-22
cmmc_l2_ssp_portfolio_crm_v1,1.0,2026-07-22T15:00:00Z,portfolio-mcfirecoal-cmmc-l2,McFirecoal CMMC Level 2 SSP Portfolio,1.3,module-product-alpha,Federal SaaS Product Alpha,product,1.0,requirement-product-alpha-3_1_2,3.1.2,3.1,Transaction & Function Control,applicable-inherited-with-local-supplement,The child uses a governed source record.,implemented,Anchor transaction-control implementation.,inherited-with-supplement,reference-base-plus-local-supplement,module-mcfirecoal-anchor,McFirecoal Anchor SSP,module-mcfirecoal-anchor,McFirecoal Anchor SSP,requirement-mcfirecoal-anchor-3_1_2,supplement,stale,organization-led,,,Maintain and validate the source implementation.,,owner-module-mcfirecoal-anchor,evidence-3-1-2,base-reference; supplement evidence attributable locally,Product-specific residual implementation.,owner-product-alpha,evidence-product-supplement,,,,none,,,deferred,implementationNarrative,not-reviewed,not-submitted,,,,,2026-07-22
cmmc_l2_ssp_portfolio_crm_v1,1.0,2026-07-22T15:00:00Z,portfolio-mcfirecoal-cmmc-l2,McFirecoal CMMC Level 2 SSP Portfolio,1.3,module-product-alpha,Federal SaaS Product Alpha,product,1.0,requirement-product-alpha-3_1_3,3.1.3,3.1,Control CUI Flow,applicable-inherited-with-local-supplement,Product declares the anchor as its source and records residual product responsibilities.,not-assessed,,inherited-with-supplement,reference-base-plus-local-supplement,module-mcfirecoal-anchor,McFirecoal Anchor SSP,module-mcfirecoal-anchor,McFirecoal Anchor SSP,requirement-mcfirecoal-anchor-3_1_3,supplement,source-pending,shared,,,,,,,base-reference; supplement evidence attributable locally,,,,,,,none,,,none,,not-reviewed,not-submitted,,,,,
cmmc_l2_ssp_portfolio_crm_v1,1.0,2026-07-22T15:00:00Z,portfolio-mcfirecoal-cmmc-l2,McFirecoal CMMC Level 2 SSP Portfolio,1.3,module-product-alpha,Federal SaaS Product Alpha,product,1.0,requirement-product-alpha-3_1_4,3.1.4,3.1,Separation of Duties,pending-decision,,not-assessed,,pending,not-counted,module-product-alpha,Federal SaaS Product Alpha,,,,none,not-inherited,undecided,,,,,,,not-counted,,,,,,,none,,,none,,not-reviewed,not-submitted,,,,,
cmmc_l2_ssp_portfolio_crm_v1,1.0,2026-07-22T15:00:00Z,portfolio-mcfirecoal-cmmc-l2,McFirecoal CMMC Level 2 SSP Portfolio,1.3,module-product-alpha,Federal SaaS Product Alpha,product,1.0,requirement-product-alpha-3_1_5,3.1.5,3.1,Least Privilege,pending-decision,,not-assessed,,pending,not-counted,module-product-alpha,Federal SaaS Product Alpha,,,,none,not-inherited,undecided,,,,,,,not-counted,,,,,,,none,,,none,,not-reviewed,not-submitted,,,,,
cmmc_l2_ssp_portfolio_crm_v1,1.0,2026-07-22T15:00:00Z,portfolio-mcfirecoal-cmmc-l2,McFirecoal CMMC Level 2 SSP Portfolio,1.3,module-product-alpha,Federal SaaS Product Alpha,product,1.0,requirement-product-alpha-3_1_6,3.1.6,3.1,Non-Privileged Account Use,pending-decision,,not-assessed,,pending,not-counted,module-product-alpha,Federal SaaS Product Alpha,,,,none,not-inherited,undecided,,,,,,,not-counted,,,,,,,none,,,none,,not-reviewed,not-submitted,,,,,
cmmc_l2_ssp_portfolio_crm_v1,1.0,2026-07-22T15:00:00Z,portfolio-mcfirecoal-cmmc-l2,McFirecoal CMMC Level 2 SSP Portfolio,1.3,module-product-alpha,Federal SaaS Product Alpha,product,1.0,requirement-product-alpha-3_1_7,3.1.7,3.1,Privileged Functions,pending-decision,,not-assessed,,pending,not-counted,module-product-alpha,Federal SaaS Product Alpha,,,,none,not-inherited,undecided,,,,,,,not-counted,,,,,,,none,,,none,,not-reviewed,not-submitted,,,,,
cmmc_l2_ssp_portfolio_crm_v1,1.0,2026-07-22T15:00:00Z,portfolio-mcfirecoal-cmmc-l2,McFirecoal CMMC Level 2 SSP Portfolio,1.3,module-product-alpha,Federal SaaS Product Alpha,product,1.0,requirement-product-alpha-3_1_8,3.1.8,3.1,Unsuccessful Logon Attempts,pending-decision,,not-assessed,,pending,not-counted,module-product-alpha,Federal SaaS Product Alpha,,,,none,not-inherited,undecided,,,,,,,not-counted,,,,,,,none,,,none,,not-reviewed,not-submitted,,,,,
cmmc_l2_ssp_portfolio_crm_v1,1.0,2026-07-22T15:00:00Z,portfolio-mcfirecoal-cmmc-l2,McFirecoal CMMC Level 2 SSP Portfolio,1.3,module-product-alpha,Federal SaaS Product Alpha,product,1.0,requirement-product-alpha-3_1_9,3.1.9,3.1,Privacy & Security Notices,pending-decision,,not-assessed,,pending,not-counted,module-product-alpha,Federal SaaS Product Alpha,,,,none,not-inherited,undecided,,,,,,,not-counted,,,,,,,none,,,none,,not-reviewed,not-submitted,,,,,
cmmc_l2_ssp_portfolio_crm_v1,1.0,2026-07-22T15:00:00Z,portfolio-mcfirecoal-cmmc-l2,McFirecoal CMMC Level 2 SSP Portfolio,1.3,module-product-alpha,Federal SaaS Product Alpha,product,1.0,requirement-product-alpha-3_1_10,3.1.10,3.1,Session Lock,pending-decision,,not-assessed,,pending,not-counted,module-product-alpha,Federal SaaS Product Alpha,,,,none,not-inherited,undecided,,,,,,,not-counted,,,,,,,none,,,none,,not-reviewed,not-submitted,,,,,
cmmc_l2_ssp_portfolio_crm_v1,1.0,2026-07-22T15:00:00Z,portfolio-mcfirecoal-cmmc-l2,McFirecoal CMMC Level 2 SSP Portfolio,1.3,module-product-alpha,Federal SaaS Product Alpha,product,1.0,requirement-product-alpha-3_1_11,3.1.11,3.1,Session Termination,pending-decision,,not-assessed,,pending,not-counted,module-product-alpha,Federal SaaS Product Alpha,,,,none,not-inherited,undecided,,,,,,,not-counted,,,,,,,none,,,none,,not-reviewed,not-submitted,,,,,
cmmc_l2_ssp_portfolio_crm_v1,1.0,2026-07-22T15:00:00Z,portfolio-mcfirecoal-cmmc-l2,McFirecoal CMMC Level 2 SSP Portfolio,1.3,module-product-alpha,Federal SaaS Product Alpha,product,1.0,requirement-product-alpha-3_1_12,3.1.12,3.1,Control Remote Access,pending-decision,,not-assessed,,pending,not-counted,module-product-alpha,Federal SaaS Product Alpha,,,,none,not-inherited,undecided,,,,,,,not-counted,,,,,,,none,,,none,,not-reviewed,not-submitted,,,,,
cmmc_l2_ssp_portfolio_crm_v1,1.0,2026-07-22T15:00:00Z,portfolio-mcfirecoal-cmmc-l2,McFirecoal CMMC Level 2 SSP Portfolio,1.3,module-product-alpha,Federal SaaS Product Alpha,product,1.0,requirement-product-alpha-3_1_13,3.1.13,3.1,Remote Access Confidentiality,pending-decision,,not-assessed,,pending,not-counted,module-product-alpha,Federal SaaS Product Alpha,,,,none,not-inherited,undecided,,,,,,,not-counted,,,,,,,none,,,none,,not-reviewed,not-submitted,,,,,
cmmc_l2_ssp_portfolio_crm_v1,1.0,2026-07-22T15:00:00Z,portfolio-mcfirecoal-cmmc-l2,McFirecoal CMMC Level 2 SSP Portfolio,1.3,module-product-alpha,Federal SaaS Product Alpha,product,1.0,requirement-product-alpha-3_1_14,3.1.14,3.1,Remote Access Routing,pending-decision,,not-assessed,,pending,not-counted,module-product-alpha,Federal SaaS Product Alpha,,,,none,not-inherited,undecided,,,,,,,not-counted,,,,,,,none,,,none,,not-reviewed,not-submitted,,,,,
cmmc_l2_ssp_portfolio_crm_v1,1.0,2026-07-22T15:00:00Z,portfolio-mcfirecoal-cmmc-l2,McFirecoal CMMC Level 2 SSP Portfolio,1.3,module-product-alpha,Federal SaaS Product Alpha,product,1.0,requirement-product-alpha-3_1_15,3.1.15,3.1,Privileged Remote Access,pending-decision,,not-assessed,,pending,not-counted,module-product-alpha,Federal SaaS Product Alpha,,,,none,not-inherited,undecided,,,,,,,not-counted,,,,,,,none,,,none,,not-reviewed,not-submitted,,,,,
cmmc_l2_ssp_portfolio_crm_v1,1.0,2026-07-22T15:00:00Z,portfolio-mcfirecoal-cmmc-l2,McFirecoal CMMC Level 2 SSP Portfolio,1.3,module-product-alpha,Federal SaaS Product Alpha,product,1.0,requirement-product-alpha-3_1_16,3.1.16,3.1,Wireless Access Authorization,pending-decision,,not-assessed,,pending,not-counted,module-product-alpha,Federal SaaS Product Alpha,,,,none,not-inherited,undecided,,,,,,,not-counted,,,,,,,none,,,none,,not-reviewed,not-submitted,,,,,
cmmc_l2_ssp_portfolio_crm_v1,1.0,2026-07-22T15:00:00Z,portfolio-mcfirecoal-cmmc-l2,McFirecoal CMMC Level 2 SSP Portfolio,1.3,module-product-alpha,Federal SaaS Product Alpha,product,1.0,requirement-product-alpha-3_1_17,3.1.17,3.1,Wireless Access Protection,pending-decision,,not-assessed,,pending,not-counted,module-product-alpha,Federal SaaS Product Alpha,,,,none,not-inherited,undecided,,,,,,,not-counted,,,,,,,none,,,none,,not-reviewed,not-submitted,,,,,
cmmc_l2_ssp_portfolio_crm_v1,1.0,2026-07-22T15:00:00Z,portfolio-mcfirecoal-cmmc-l2,McFirecoal CMMC Level 2 SSP Portfolio,1.3,module-product-alpha,Federal SaaS Product Alpha,product,1.0,requirement-product-alpha-3_1_18,3.1.18,3.1,Mobile Device Connection,pending-decision,,not-assessed,,pending,not-counted,module-product-alpha,Federal SaaS Product Alpha,,,,none,not-inherited,undecided,,,,,,,not-counted,,,,,,,none,,,none,,not-reviewed,not-submitted,,,,,
cmmc_l2_ssp_portfolio_crm_v1,1.0,2026-07-22T15:00:00Z,portfolio-mcfirecoal-cmmc-l2,McFirecoal CMMC Level 2 SSP Portfolio,1.3,module-product-alpha,Federal SaaS Product Alpha,product,1.0,requirement-product-alpha-3_1_19,3.1.19,3.1,Encrypt CUI On Mobile,pending-decision,,not-assessed,,pending,not-counted,module-product-alpha,Federal SaaS Product Alpha,,,,none,not-inherited,undecided,,,,,,,not-counted,,,,,,,none,,,none,,not-reviewed,not-submitted,,,,,
cmmc_l2_ssp_portfolio_crm_v1,1.0,2026-07-22T15:00:00Z,portfolio-mcfirecoal-cmmc-l2,McFirecoal CMMC Level 2 SSP Portfolio,1.3,module-product-alpha,Federal SaaS Product Alpha,product,1.0,requirement-product-alpha-3_1_20,3.1.20,3.1,External Connections,pending-decision,,not-assessed,,pending,not-counted,module-product-alpha,Federal SaaS Product Alpha,,,,none,not-inherited,undecided,,,,,,,not-counted,,,,,,,none,,,none,,not-reviewed,not-submitted,,,,,
cmmc_l2_ssp_portfolio_crm_v1,1.0,2026-07-22T15:00:00Z,portfolio-mcfirecoal-cmmc-l2,McFirecoal CMMC Level 2 SSP Portfolio,1.3,module-product-alpha,Federal SaaS Product Alpha,product,1.0,requirement-product-alpha-3_1_21,3.1.21,3.1,Portable Storage Use,pending-decision,,not-assessed,,pending,not-counted,module-product-alpha,Federal SaaS Product Alpha,,,,none,not-inherited,undecided,,,,,,,not-counted,,,,,,,none,,,none,,not-reviewed,not-submitted,,,,,
cmmc_l2_ssp_portfolio_crm_v1,1.0,2026-07-22T15:00:00Z,portfolio-mcfirecoal-cmmc-l2,McFirecoal CMMC Level 2 SSP Portfolio,1.3,module-product-alpha,Federal SaaS Product Alpha,product,1.0,requirement-product-alpha-3_1_22,3.1.22,3.1,Control Public Information,pending-decision,,not-assessed,,pending,not-counted,module-product-alpha,Federal SaaS Product Alpha,,,,none,not-inherited,undecided,,,,,,,not-counted,,,,,,,none,,,none,,not-reviewed,not-submitted,,,,,
cmmc_l2_ssp_portfolio_crm_v1,1.0,2026-07-22T15:00:00Z,portfolio-mcfirecoal-cmmc-l2,McFirecoal CMMC Level 2 SSP Portfolio,1.3,module-product-alpha,Federal SaaS Product Alpha,product,1.0,requirement-product-alpha-3_2_1,3.2.1,3.2,Role-Based Risk Awareness,pending-decision,,not-assessed,,pending,not-counted,module-product-alpha,Federal SaaS Product Alpha,,,,none,not-inherited,undecided,,,,,,,not-counted,,,,,,,none,,,none,,not-reviewed,not-submitted,,,,,
cmmc_l2_ssp_portfolio_crm_v1,1.0,2026-07-22T15:00:00Z,portfolio-mcfirecoal-cmmc-l2,McFirecoal CMMC Level 2 SSP Portfolio,1.3,module-product-alpha,Federal SaaS Product Alpha,product,1.0,requirement-product-alpha-3_2_2,3.2.2,3.2,Role-Based Training,pending-decision,,not-assessed,,pending,not-counted,module-product-alpha,Federal SaaS Product Alpha,,,,none,not-inherited,undecided,,,,,,,not-counted,,,,,,,none,,,none,,not-reviewed,not-submitted,,,,,
cmmc_l2_ssp_portfolio_crm_v1,1.0,2026-07-22T15:00:00Z,portfolio-mcfirecoal-cmmc-l2,McFirecoal CMMC Level 2 SSP Portfolio,1.3,module-product-alpha,Federal SaaS Product Alpha,product,1.0,requirement-product-alpha-3_2_3,3.2.3,3.2,Insider Threat Awareness,pending-decision,,not-assessed,,pending,not-counted,module-product-alpha,Federal SaaS Product Alpha,,,,none,not-inherited,undecided,,,,,,,not-counted,,,,,,,none,,,none,,not-reviewed,not-submitted,,,,,
cmmc_l2_ssp_portfolio_crm_v1,1.0,2026-07-22T15:00:00Z,portfolio-mcfirecoal-cmmc-l2,McFirecoal CMMC Level 2 SSP Portfolio,1.3,module-product-alpha,Federal SaaS Product Alpha,product,1.0,requirement-product-alpha-3_3_1,3.3.1,3.3,System Auditing,pending-decision,,not-assessed,,pending,not-counted,module-product-alpha,Federal SaaS Product Alpha,,,,none,not-inherited,undecided,,,,,,,not-counted,,,,,,,none,,,none,,not-reviewed,not-submitted,,,,,
cmmc_l2_ssp_portfolio_crm_v1,1.0,2026-07-22T15:00:00Z,portfolio-mcfirecoal-cmmc-l2,McFirecoal CMMC Level 2 SSP Portfolio,1.3,module-product-alpha,Federal SaaS Product Alpha,product,1.0,requirement-product-alpha-3_3_2,3.3.2,3.3,User Accountability,pending-decision,,not-assessed,,pending,not-counted,module-product-alpha,Federal SaaS Product Alpha,,,,none,not-inherited,undecided,,,,,,,not-counted,,,,,,,none,,,none,,not-reviewed,not-submitted,,,,,
cmmc_l2_ssp_portfolio_crm_v1,1.0,2026-07-22T15:00:00Z,portfolio-mcfirecoal-cmmc-l2,McFirecoal CMMC Level 2 SSP Portfolio,1.3,module-product-alpha,Federal SaaS Product Alpha,product,1.0,requirement-product-alpha-3_3_3,3.3.3,3.3,Event Review,pending-decision,,not-assessed,,pending,not-counted,module-product-alpha,Federal SaaS Product Alpha,,,,none,not-inherited,undecided,,,,,,,not-counted,,,,,,,none,,,none,,not-reviewed,not-submitted,,,,,
cmmc_l2_ssp_portfolio_crm_v1,1.0,2026-07-22T15:00:00Z,portfolio-mcfirecoal-cmmc-l2,McFirecoal CMMC Level 2 SSP Portfolio,1.3,module-product-alpha,Federal SaaS Product Alpha,product,1.0,requirement-product-alpha-3_3_4,3.3.4,3.3,Audit Failure Alerting,pending-decision,,not-assessed,,pending,not-counted,module-product-alpha,Federal SaaS Product Alpha,,,,none,not-inherited,undecided,,,,,,,not-counted,,,,,,,none,,,none,,not-reviewed,not-submitted,,,,,
cmmc_l2_ssp_portfolio_crm_v1,1.0,2026-07-22T15:00:00Z,portfolio-mcfirecoal-cmmc-l2,McFirecoal CMMC Level 2 SSP Portfolio,1.3,module-product-alpha,Federal SaaS Product Alpha,product,1.0,requirement-product-alpha-3_3_5,3.3.5,3.3,Audit Correlation,pending-decision,,not-assessed,,pending,not-counted,module-product-alpha,Federal SaaS Product Alpha,,,,none,not-inherited,undecided,,,,,,,not-counted,,,,,,,none,,,none,,not-reviewed,not-submitted,,,,,
cmmc_l2_ssp_portfolio_crm_v1,1.0,2026-07-22T15:00:00Z,portfolio-mcfirecoal-cmmc-l2,McFirecoal CMMC Level 2 SSP Portfolio,1.3,module-product-alpha,Federal SaaS Product Alpha,product,1.0,requirement-product-alpha-3_3_6,3.3.6,3.3,Reduction & Reporting,pending-decision,,not-assessed,,pending,not-counted,module-product-alpha,Federal SaaS Product Alpha,,,,none,not-inherited,undecided,,,,,,,not-counted,,,,,,,none,,,none,,not-reviewed,not-submitted,,,,,
cmmc_l2_ssp_portfolio_crm_v1,1.0,2026-07-22T15:00:00Z,portfolio-mcfirecoal-cmmc-l2,McFirecoal CMMC Level 2 SSP Portfolio,1.3,module-product-alpha,Federal SaaS Product Alpha,product,1.0,requirement-product-alpha-3_3_7,3.3.7,3.3,Authoritative Time Source,pending-decision,,not-assessed,,pending,not-counted,module-product-alpha,Federal SaaS Product Alpha,,,,none,not-inherited,undecided,,,,,,,not-counted,,,,,,,none,,,none,,not-reviewed,not-submitted,,,,,
cmmc_l2_ssp_portfolio_crm_v1,1.0,2026-07-22T15:00:00Z,portfolio-mcfirecoal-cmmc-l2,McFirecoal CMMC Level 2 SSP Portfolio,1.3,module-product-alpha,Federal SaaS Product Alpha,product,1.0,requirement-product-alpha-3_3_8,3.3.8,3.3,Audit Protection,pending-decision,,not-assessed,,pending,not-counted,module-product-alpha,Federal SaaS Product Alpha,,,,none,not-inherited,undecided,,,,,,,not-counted,,,,,,,none,,,none,,not-reviewed,not-submitted,,,,,
cmmc_l2_ssp_portfolio_crm_v1,1.0,2026-07-22T15:00:00Z,portfolio-mcfirecoal-cmmc-l2,McFirecoal CMMC Level 2 SSP Portfolio,1.3,module-product-alpha,Federal SaaS Product Alpha,product,1.0,requirement-product-alpha-3_3_9,3.3.9,3.3,Audit Management,pending-decision,,not-assessed,,pending,not-counted,module-product-alpha,Federal SaaS Product Alpha,,,,none,not-inherited,undecided,,,,,,,not-counted,,,,,,,none,,,none,,not-reviewed,not-submitted,,,,,
cmmc_l2_ssp_portfolio_crm_v1,1.0,2026-07-22T15:00:00Z,portfolio-mcfirecoal-cmmc-l2,McFirecoal CMMC Level 2 SSP Portfolio,1.3,module-product-alpha,Federal SaaS Product Alpha,product,1.0,requirement-product-alpha-3_4_1,3.4.1,3.4,System Baselining,pending-decision,,not-assessed,,pending,not-counted,module-product-alpha,Federal SaaS Product Alpha,,,,none,not-inherited,undecided,,,,,,,not-counted,,,,,,,none,,,none,,not-reviewed,not-submitted,,,,,
cmmc_l2_ssp_portfolio_crm_v1,1.0,2026-07-22T15:00:00Z,portfolio-mcfirecoal-cmmc-l2,McFirecoal CMMC Level 2 SSP Portfolio,1.3,module-product-alpha,Federal SaaS Product Alpha,product,1.0,requirement-product-alpha-3_4_2,3.4.2,3.4,Security Configuration Enforcement,pending-decision,,not-assessed,,pending,not-counted,module-product-alpha,Federal SaaS Product Alpha,,,,none,not-inherited,undecided,,,,,,,not-counted,,,,,,,none,,,none,,not-reviewed,not-submitted,,,,,
cmmc_l2_ssp_portfolio_crm_v1,1.0,2026-07-22T15:00:00Z,portfolio-mcfirecoal-cmmc-l2,McFirecoal CMMC Level 2 SSP Portfolio,1.3,module-product-alpha,Federal SaaS Product Alpha,product,1.0,requirement-product-alpha-3_4_3,3.4.3,3.4,System Change Management,pending-decision,,not-assessed,,pending,not-counted,module-product-alpha,Federal SaaS Product Alpha,,,,none,not-inherited,undecided,,,,,,,not-counted,,,,,,,none,,,none,,not-reviewed,not-submitted,,,,,
cmmc_l2_ssp_portfolio_crm_v1,1.0,2026-07-22T15:00:00Z,portfolio-mcfirecoal-cmmc-l2,McFirecoal CMMC Level 2 SSP Portfolio,1.3,module-product-alpha,Federal SaaS Product Alpha,product,1.0,requirement-product-alpha-3_4_4,3.4.4,3.4,Security Impact Analysis,pending-decision,,not-assessed,,pending,not-counted,module-product-alpha,Federal SaaS Product Alpha,,,,none,not-inherited,undecided,,,,,,,not-counted,,,,,,,none,,,none,,not-reviewed,not-submitted,,,,,
cmmc_l2_ssp_portfolio_crm_v1,1.0,2026-07-22T15:00:00Z,portfolio-mcfirecoal-cmmc-l2,McFirecoal CMMC Level 2 SSP Portfolio,1.3,module-product-alpha,Federal SaaS Product Alpha,product,1.0,requirement-product-alpha-3_4_5,3.4.5,3.4,Access Restrictions for Change,pending-decision,,not-assessed,,pending,not-counted,module-product-alpha,Federal SaaS Product Alpha,,,,none,not-inherited,undecided,,,,,,,not-counted,,,,,,,none,,,none,,not-reviewed,not-submitted,,,,,
cmmc_l2_ssp_portfolio_crm_v1,1.0,2026-07-22T15:00:00Z,portfolio-mcfirecoal-cmmc-l2,McFirecoal CMMC Level 2 SSP Portfolio,1.3,module-product-alpha,Federal SaaS Product Alpha,product,1.0,requirement-product-alpha-3_4_6,3.4.6,3.4,Least Functionality,pending-decision,,not-assessed,,pending,not-counted,module-product-alpha,Federal SaaS Product Alpha,,,,none,not-inherited,undecided,,,,,,,not-counted,,,,,,,none,,,none,,not-reviewed,not-submitted,,,,,
cmmc_l2_ssp_portfolio_crm_v1,1.0,2026-07-22T15:00:00Z,portfolio-mcfirecoal-cmmc-l2,McFirecoal CMMC Level 2 SSP Portfolio,1.3,module-product-alpha,Federal SaaS Product Alpha,product,1.0,requirement-product-alpha-3_4_7,3.4.7,3.4,Nonessential Functionality,pending-decision,,not-assessed,,pending,not-counted,module-product-alpha,Federal SaaS Product Alpha,,,,none,not-inherited,undecided,,,,,,,not-counted,,,,,,,none,,,none,,not-reviewed,not-submitted,,,,,
cmmc_l2_ssp_portfolio_crm_v1,1.0,2026-07-22T15:00:00Z,portfolio-mcfirecoal-cmmc-l2,McFirecoal CMMC Level 2 SSP Portfolio,1.3,module-product-alpha,Federal SaaS Product Alpha,product,1.0,requirement-product-alpha-3_4_8,3.4.8,3.4,Application Execution Policy,pending-decision,,not-assessed,,pending,not-counted,module-product-alpha,Federal SaaS Product Alpha,,,,none,not-inherited,undecided,,,,,,,not-counted,,,,,,,none,,,none,,not-reviewed,not-submitted,,,,,
cmmc_l2_ssp_portfolio_crm_v1,1.0,2026-07-22T15:00:00Z,portfolio-mcfirecoal-cmmc-l2,McFirecoal CMMC Level 2 SSP Portfolio,1.3,module-product-alpha,Federal SaaS Product Alpha,product,1.0,requirement-product-alpha-3_4_9,3.4.9,3.4,User-Installed Software,pending-decision,,not-assessed,,pending,not-counted,module-product-alpha,Federal SaaS Product Alpha,,,,none,not-inherited,undecided,,,,,,,not-counted,,,,,,,none,,,none,,not-reviewed,not-submitted,,,,,
cmmc_l2_ssp_portfolio_crm_v1,1.0,2026-07-22T15:00:00Z,portfolio-mcfirecoal-cmmc-l2,McFirecoal CMMC Level 2 SSP Portfolio,1.3,module-product-alpha,Federal SaaS Product Alpha,product,1.0,requirement-product-alpha-3_5_1,3.5.1,3.5,Identification,pending-decision,,not-assessed,,pending,not-counted,module-product-alpha,Federal SaaS Product Alpha,,,,none,not-inherited,undecided,,,,,,,not-counted,,,,,,,none,,,none,,not-reviewed,not-submitted,,,,,
cmmc_l2_ssp_portfolio_crm_v1,1.0,2026-07-22T15:00:00Z,portfolio-mcfirecoal-cmmc-l2,McFirecoal CMMC Level 2 SSP Portfolio,1.3,module-product-alpha,Federal SaaS Product Alpha,product,1.0,requirement-product-alpha-3_5_2,3.5.2,3.5,Authentication,pending-decision,,not-assessed,,pending,not-counted,module-product-alpha,Federal SaaS Product Alpha,,,,none,not-inherited,undecided,,,,,,,not-counted,,,,,,,none,,,none,,not-reviewed,not-submitted,,,,,
cmmc_l2_ssp_portfolio_crm_v1,1.0,2026-07-22T15:00:00Z,portfolio-mcfirecoal-cmmc-l2,McFirecoal CMMC Level 2 SSP Portfolio,1.3,module-product-alpha,Federal SaaS Product Alpha,product,1.0,requirement-product-alpha-3_5_3,3.5.3,3.5,Multifactor Authentication,pending-decision,,not-assessed,,pending,not-counted,module-product-alpha,Federal SaaS Product Alpha,,,,none,not-inherited,undecided,,,,,,,not-counted,,,,,,,none,,,none,,not-reviewed,not-submitted,,,,,
cmmc_l2_ssp_portfolio_crm_v1,1.0,2026-07-22T15:00:00Z,portfolio-mcfirecoal-cmmc-l2,McFirecoal CMMC Level 2 SSP Portfolio,1.3,module-product-alpha,Federal SaaS Product Alpha,product,1.0,requirement-product-alpha-3_5_4,3.5.4,3.5,Replay-Resistant Authentication,pending-decision,,not-assessed,,pending,not-counted,module-product-alpha,Federal SaaS Product Alpha,,,,none,not-inherited,undecided,,,,,,,not-counted,,,,,,,none,,,none,,not-reviewed,not-submitted,,,,,
cmmc_l2_ssp_portfolio_crm_v1,1.0,2026-07-22T15:00:00Z,portfolio-mcfirecoal-cmmc-l2,McFirecoal CMMC Level 2 SSP Portfolio,1.3,module-product-alpha,Federal SaaS Product Alpha,product,1.0,requirement-product-alpha-3_5_5,3.5.5,3.5,Identifier Reuse,pending-decision,,not-assessed,,pending,not-counted,module-product-alpha,Federal SaaS Product Alpha,,,,none,not-inherited,undecided,,,,,,,not-counted,,,,,,,none,,,none,,not-reviewed,not-submitted,,,,,
cmmc_l2_ssp_portfolio_crm_v1,1.0,2026-07-22T15:00:00Z,portfolio-mcfirecoal-cmmc-l2,McFirecoal CMMC Level 2 SSP Portfolio,1.3,module-product-alpha,Federal SaaS Product Alpha,product,1.0,requirement-product-alpha-3_5_6,3.5.6,3.5,Identifier Handling,pending-decision,,not-assessed,,pending,not-counted,module-product-alpha,Federal SaaS Product Alpha,,,,none,not-inherited,undecided,,,,,,,not-counted,,,,,,,none,,,none,,not-reviewed,not-submitted,,,,,
cmmc_l2_ssp_portfolio_crm_v1,1.0,2026-07-22T15:00:00Z,portfolio-mcfirecoal-cmmc-l2,McFirecoal CMMC Level 2 SSP Portfolio,1.3,module-product-alpha,Federal SaaS Product Alpha,product,1.0,requirement-product-alpha-3_5_7,3.5.7,3.5,Password Complexity,pending-decision,,not-assessed,,pending,not-counted,module-product-alpha,Federal SaaS Product Alpha,,,,none,not-inherited,undecided,,,,,,,not-counted,,,,,,,none,,,none,,not-reviewed,not-submitted,,,,,
cmmc_l2_ssp_portfolio_crm_v1,1.0,2026-07-22T15:00:00Z,portfolio-mcfirecoal-cmmc-l2,McFirecoal CMMC Level 2 SSP Portfolio,1.3,module-product-alpha,Federal SaaS Product Alpha,product,1.0,requirement-product-alpha-3_5_8,3.5.8,3.5,Password Reuse,pending-decision,,not-assessed,,pending,not-counted,module-product-alpha,Federal SaaS Product Alpha,,,,none,not-inherited,undecided,,,,,,,not-counted,,,,,,,none,,,none,,not-reviewed,not-submitted,,,,,
cmmc_l2_ssp_portfolio_crm_v1,1.0,2026-07-22T15:00:00Z,portfolio-mcfirecoal-cmmc-l2,McFirecoal CMMC Level 2 SSP Portfolio,1.3,module-product-alpha,Federal SaaS Product Alpha,product,1.0,requirement-product-alpha-3_5_9,3.5.9,3.5,Temporary Passwords,pending-decision,,not-assessed,,pending,not-counted,module-product-alpha,Federal SaaS Product Alpha,,,,none,not-inherited,undecided,,,,,,,not-counted,,,,,,,none,,,none,,not-reviewed,not-submitted,,,,,
cmmc_l2_ssp_portfolio_crm_v1,1.0,2026-07-22T15:00:00Z,portfolio-mcfirecoal-cmmc-l2,McFirecoal CMMC Level 2 SSP Portfolio,1.3,module-product-alpha,Federal SaaS Product Alpha,product,1.0,requirement-product-alpha-3_5_10,3.5.10,3.5,Cryptographically-Protected Passwords,pending-decision,,not-assessed,,pending,not-counted,module-product-alpha,Federal SaaS Product Alpha,,,,none,not-inherited,undecided,,,,,,,not-counted,,,,,,,none,,,none,,not-reviewed,not-submitted,,,,,
cmmc_l2_ssp_portfolio_crm_v1,1.0,2026-07-22T15:00:00Z,portfolio-mcfirecoal-cmmc-l2,McFirecoal CMMC Level 2 SSP Portfolio,1.3,module-product-alpha,Federal SaaS Product Alpha,product,1.0,requirement-product-alpha-3_5_11,3.5.11,3.5,Obscure Feedback,pending-decision,,not-assessed,,pending,not-counted,module-product-alpha,Federal SaaS Product Alpha,,,,none,not-inherited,undecided,,,,,,,not-counted,,,,,,,none,,,none,,not-reviewed,not-submitted,,,,,
cmmc_l2_ssp_portfolio_crm_v1,1.0,2026-07-22T15:00:00Z,portfolio-mcfirecoal-cmmc-l2,McFirecoal CMMC Level 2 SSP Portfolio,1.3,module-product-alpha,Federal SaaS Product Alpha,product,1.0,requirement-product-alpha-3_6_1,3.6.1,3.6,Incident Handling,pending-decision,,not-assessed,,pending,not-counted,module-product-alpha,Federal SaaS Product Alpha,,,,none,not-inherited,undecided,,,,,,,not-counted,,,,,,,none,,,none,,not-reviewed,not-submitted,,,,,
cmmc_l2_ssp_portfolio_crm_v1,1.0,2026-07-22T15:00:00Z,portfolio-mcfirecoal-cmmc-l2,McFirecoal CMMC Level 2 SSP Portfolio,1.3,module-product-alpha,Federal SaaS Product Alpha,product,1.0,requirement-product-alpha-3_6_2,3.6.2,3.6,Incident Reporting,pending-decision,,not-assessed,,pending,not-counted,module-product-alpha,Federal SaaS Product Alpha,,,,none,not-inherited,undecided,,,,,,,not-counted,,,,,,,none,,,none,,not-reviewed,not-submitted,,,,,
cmmc_l2_ssp_portfolio_crm_v1,1.0,2026-07-22T15:00:00Z,portfolio-mcfirecoal-cmmc-l2,McFirecoal CMMC Level 2 SSP Portfolio,1.3,module-product-alpha,Federal SaaS Product Alpha,product,1.0,requirement-product-alpha-3_6_3,3.6.3,3.6,Incident Response Testing,pending-decision,,not-assessed,,pending,not-counted,module-product-alpha,Federal SaaS Product Alpha,,,,none,not-inherited,undecided,,,,,,,not-counted,,,,,,,none,,,none,,not-reviewed,not-submitted,,,,,
cmmc_l2_ssp_portfolio_crm_v1,1.0,2026-07-22T15:00:00Z,portfolio-mcfirecoal-cmmc-l2,McFirecoal CMMC Level 2 SSP Portfolio,1.3,module-product-alpha,Federal SaaS Product Alpha,product,1.0,requirement-product-alpha-3_7_1,3.7.1,3.7,Perform Maintenance,pending-decision,,not-assessed,,pending,not-counted,module-product-alpha,Federal SaaS Product Alpha,,,,none,not-inherited,undecided,,,,,,,not-counted,,,,,,,none,,,none,,not-reviewed,not-submitted,,,,,
cmmc_l2_ssp_portfolio_crm_v1,1.0,2026-07-22T15:00:00Z,portfolio-mcfirecoal-cmmc-l2,McFirecoal CMMC Level 2 SSP Portfolio,1.3,module-product-alpha,Federal SaaS Product Alpha,product,1.0,requirement-product-alpha-3_7_2,3.7.2,3.7,System Maintenance Control,pending-decision,,not-assessed,,pending,not-counted,module-product-alpha,Federal SaaS Product Alpha,,,,none,not-inherited,undecided,,,,,,,not-counted,,,,,,,none,,,none,,not-reviewed,not-submitted,,,,,
cmmc_l2_ssp_portfolio_crm_v1,1.0,2026-07-22T15:00:00Z,portfolio-mcfirecoal-cmmc-l2,McFirecoal CMMC Level 2 SSP Portfolio,1.3,module-product-alpha,Federal SaaS Product Alpha,product,1.0,requirement-product-alpha-3_7_3,3.7.3,3.7,Equipment Sanitization,pending-decision,,not-assessed,,pending,not-counted,module-product-alpha,Federal SaaS Product Alpha,,,,none,not-inherited,undecided,,,,,,,not-counted,,,,,,,none,,,none,,not-reviewed,not-submitted,,,,,
cmmc_l2_ssp_portfolio_crm_v1,1.0,2026-07-22T15:00:00Z,portfolio-mcfirecoal-cmmc-l2,McFirecoal CMMC Level 2 SSP Portfolio,1.3,module-product-alpha,Federal SaaS Product Alpha,product,1.0,requirement-product-alpha-3_7_4,3.7.4,3.7,Media Inspection,pending-decision,,not-assessed,,pending,not-counted,module-product-alpha,Federal SaaS Product Alpha,,,,none,not-inherited,undecided,,,,,,,not-counted,,,,,,,none,,,none,,not-reviewed,not-submitted,,,,,
cmmc_l2_ssp_portfolio_crm_v1,1.0,2026-07-22T15:00:00Z,portfolio-mcfirecoal-cmmc-l2,McFirecoal CMMC Level 2 SSP Portfolio,1.3,module-product-alpha,Federal SaaS Product Alpha,product,1.0,requirement-product-alpha-3_7_5,3.7.5,3.7,Nonlocal Maintenance,pending-decision,,not-assessed,,pending,not-counted,module-product-alpha,Federal SaaS Product Alpha,,,,none,not-inherited,undecided,,,,,,,not-counted,,,,,,,none,,,none,,not-reviewed,not-submitted,,,,,
cmmc_l2_ssp_portfolio_crm_v1,1.0,2026-07-22T15:00:00Z,portfolio-mcfirecoal-cmmc-l2,McFirecoal CMMC Level 2 SSP Portfolio,1.3,module-product-alpha,Federal SaaS Product Alpha,product,1.0,requirement-product-alpha-3_7_6,3.7.6,3.7,Maintenance Personnel,pending-decision,,not-assessed,,pending,not-counted,module-product-alpha,Federal SaaS Product Alpha,,,,none,not-inherited,undecided,,,,,,,not-counted,,,,,,,none,,,none,,not-reviewed,not-submitted,,,,,
cmmc_l2_ssp_portfolio_crm_v1,1.0,2026-07-22T15:00:00Z,portfolio-mcfirecoal-cmmc-l2,McFirecoal CMMC Level 2 SSP Portfolio,1.3,module-product-alpha,Federal SaaS Product Alpha,product,1.0,requirement-product-alpha-3_8_1,3.8.1,3.8,Media Protection,pending-decision,,not-assessed,,pending,not-counted,module-product-alpha,Federal SaaS Product Alpha,,,,none,not-inherited,undecided,,,,,,,not-counted,,,,,,,none,,,none,,not-reviewed,not-submitted,,,,,
cmmc_l2_ssp_portfolio_crm_v1,1.0,2026-07-22T15:00:00Z,portfolio-mcfirecoal-cmmc-l2,McFirecoal CMMC Level 2 SSP Portfolio,1.3,module-product-alpha,Federal SaaS Product Alpha,product,1.0,requirement-product-alpha-3_8_2,3.8.2,3.8,Media Access,pending-decision,,not-assessed,,pending,not-counted,module-product-alpha,Federal SaaS Product Alpha,,,,none,not-inherited,undecided,,,,,,,not-counted,,,,,,,none,,,none,,not-reviewed,not-submitted,,,,,
cmmc_l2_ssp_portfolio_crm_v1,1.0,2026-07-22T15:00:00Z,portfolio-mcfirecoal-cmmc-l2,McFirecoal CMMC Level 2 SSP Portfolio,1.3,module-product-alpha,Federal SaaS Product Alpha,product,1.0,requirement-product-alpha-3_8_3,3.8.3,3.8,Media Disposal,pending-decision,,not-assessed,,pending,not-counted,module-product-alpha,Federal SaaS Product Alpha,,,,none,not-inherited,undecided,,,,,,,not-counted,,,,,,,none,,,none,,not-reviewed,not-submitted,,,,,
cmmc_l2_ssp_portfolio_crm_v1,1.0,2026-07-22T15:00:00Z,portfolio-mcfirecoal-cmmc-l2,McFirecoal CMMC Level 2 SSP Portfolio,1.3,module-product-alpha,Federal SaaS Product Alpha,product,1.0,requirement-product-alpha-3_8_4,3.8.4,3.8,Media Markings,pending-decision,,not-assessed,,pending,not-counted,module-product-alpha,Federal SaaS Product Alpha,,,,none,not-inherited,undecided,,,,,,,not-counted,,,,,,,none,,,none,,not-reviewed,not-submitted,,,,,
cmmc_l2_ssp_portfolio_crm_v1,1.0,2026-07-22T15:00:00Z,portfolio-mcfirecoal-cmmc-l2,McFirecoal CMMC Level 2 SSP Portfolio,1.3,module-product-alpha,Federal SaaS Product Alpha,product,1.0,requirement-product-alpha-3_8_5,3.8.5,3.8,Media Accountability,pending-decision,,not-assessed,,pending,not-counted,module-product-alpha,Federal SaaS Product Alpha,,,,none,not-inherited,undecided,,,,,,,not-counted,,,,,,,none,,,none,,not-reviewed,not-submitted,,,,,
cmmc_l2_ssp_portfolio_crm_v1,1.0,2026-07-22T15:00:00Z,portfolio-mcfirecoal-cmmc-l2,McFirecoal CMMC Level 2 SSP Portfolio,1.3,module-product-alpha,Federal SaaS Product Alpha,product,1.0,requirement-product-alpha-3_8_6,3.8.6,3.8,Portable Storage Encryption,pending-decision,,not-assessed,,pending,not-counted,module-product-alpha,Federal SaaS Product Alpha,,,,none,not-inherited,undecided,,,,,,,not-counted,,,,,,,none,,,none,,not-reviewed,not-submitted,,,,,
cmmc_l2_ssp_portfolio_crm_v1,1.0,2026-07-22T15:00:00Z,portfolio-mcfirecoal-cmmc-l2,McFirecoal CMMC Level 2 SSP Portfolio,1.3,module-product-alpha,Federal SaaS Product Alpha,product,1.0,requirement-product-alpha-3_8_7,3.8.7,3.8,Removable Media,pending-decision,,not-assessed,,pending,not-counted,module-product-alpha,Federal SaaS Product Alpha,,,,none,not-inherited,undecided,,,,,,,not-counted,,,,,,,none,,,none,,not-reviewed,not-submitted,,,,,
cmmc_l2_ssp_portfolio_crm_v1,1.0,2026-07-22T15:00:00Z,portfolio-mcfirecoal-cmmc-l2,McFirecoal CMMC Level 2 SSP Portfolio,1.3,module-product-alpha,Federal SaaS Product Alpha,product,1.0,requirement-product-alpha-3_8_8,3.8.8,3.8,Shared Media,pending-decision,,not-assessed,,pending,not-counted,module-product-alpha,Federal SaaS Product Alpha,,,,none,not-inherited,undecided,,,,,,,not-counted,,,,,,,none,,,none,,not-reviewed,not-submitted,,,,,
cmmc_l2_ssp_portfolio_crm_v1,1.0,2026-07-22T15:00:00Z,portfolio-mcfirecoal-cmmc-l2,McFirecoal CMMC Level 2 SSP Portfolio,1.3,module-product-alpha,Federal SaaS Product Alpha,product,1.0,requirement-product-alpha-3_8_9,3.8.9,3.8,Protect Backups,pending-decision,,not-assessed,,pending,not-counted,module-product-alpha,Federal SaaS Product Alpha,,,,none,not-inherited,undecided,,,,,,,not-counted,,,,,,,none,,,none,,not-reviewed,not-submitted,,,,,
cmmc_l2_ssp_portfolio_crm_v1,1.0,2026-07-22T15:00:00Z,portfolio-mcfirecoal-cmmc-l2,McFirecoal CMMC Level 2 SSP Portfolio,1.3,module-product-alpha,Federal SaaS Product Alpha,product,1.0,requirement-product-alpha-3_9_1,3.9.1,3.9,Screen Individuals,pending-decision,,not-assessed,,pending,not-counted,module-product-alpha,Federal SaaS Product Alpha,,,,none,not-inherited,undecided,,,,,,,not-counted,,,,,,,none,,,none,,not-reviewed,not-submitted,,,,,
cmmc_l2_ssp_portfolio_crm_v1,1.0,2026-07-22T15:00:00Z,portfolio-mcfirecoal-cmmc-l2,McFirecoal CMMC Level 2 SSP Portfolio,1.3,module-product-alpha,Federal SaaS Product Alpha,product,1.0,requirement-product-alpha-3_9_2,3.9.2,3.9,Personnel Actions,pending-decision,,not-assessed,,pending,not-counted,module-product-alpha,Federal SaaS Product Alpha,,,,none,not-inherited,undecided,,,,,,,not-counted,,,,,,,none,,,none,,not-reviewed,not-submitted,,,,,
cmmc_l2_ssp_portfolio_crm_v1,1.0,2026-07-22T15:00:00Z,portfolio-mcfirecoal-cmmc-l2,McFirecoal CMMC Level 2 SSP Portfolio,1.3,module-product-alpha,Federal SaaS Product Alpha,product,1.0,requirement-product-alpha-3_10_1,3.10.1,3.10,Limit Physical Access,pending-decision,,not-assessed,,pending,not-counted,module-product-alpha,Federal SaaS Product Alpha,,,,none,not-inherited,undecided,,,,,,,not-counted,,,,,,,none,,,none,,not-reviewed,not-submitted,,,,,
cmmc_l2_ssp_portfolio_crm_v1,1.0,2026-07-22T15:00:00Z,portfolio-mcfirecoal-cmmc-l2,McFirecoal CMMC Level 2 SSP Portfolio,1.3,module-product-alpha,Federal SaaS Product Alpha,product,1.0,requirement-product-alpha-3_10_2,3.10.2,3.10,Monitor Facility,pending-decision,,not-assessed,,pending,not-counted,module-product-alpha,Federal SaaS Product Alpha,,,,none,not-inherited,undecided,,,,,,,not-counted,,,,,,,none,,,none,,not-reviewed,not-submitted,,,,,
cmmc_l2_ssp_portfolio_crm_v1,1.0,2026-07-22T15:00:00Z,portfolio-mcfirecoal-cmmc-l2,McFirecoal CMMC Level 2 SSP Portfolio,1.3,module-product-alpha,Federal SaaS Product Alpha,product,1.0,requirement-product-alpha-3_10_3,3.10.3,3.10,Escort Visitors,pending-decision,,not-assessed,,pending,not-counted,module-product-alpha,Federal SaaS Product Alpha,,,,none,not-inherited,undecided,,,,,,,not-counted,,,,,,,none,,,none,,not-reviewed,not-submitted,,,,,
cmmc_l2_ssp_portfolio_crm_v1,1.0,2026-07-22T15:00:00Z,portfolio-mcfirecoal-cmmc-l2,McFirecoal CMMC Level 2 SSP Portfolio,1.3,module-product-alpha,Federal SaaS Product Alpha,product,1.0,requirement-product-alpha-3_10_4,3.10.4,3.10,Physical Access Logs,pending-decision,,not-assessed,,pending,not-counted,module-product-alpha,Federal SaaS Product Alpha,,,,none,not-inherited,undecided,,,,,,,not-counted,,,,,,,none,,,none,,not-reviewed,not-submitted,,,,,
cmmc_l2_ssp_portfolio_crm_v1,1.0,2026-07-22T15:00:00Z,portfolio-mcfirecoal-cmmc-l2,McFirecoal CMMC Level 2 SSP Portfolio,1.3,module-product-alpha,Federal SaaS Product Alpha,product,1.0,requirement-product-alpha-3_10_5,3.10.5,3.10,Manage Physical Access,pending-decision,,not-assessed,,pending,not-counted,module-product-alpha,Federal SaaS Product Alpha,,,,none,not-inherited,undecided,,,,,,,not-counted,,,,,,,none,,,none,,not-reviewed,not-submitted,,,,,
cmmc_l2_ssp_portfolio_crm_v1,1.0,2026-07-22T15:00:00Z,portfolio-mcfirecoal-cmmc-l2,McFirecoal CMMC Level 2 SSP Portfolio,1.3,module-product-alpha,Federal SaaS Product Alpha,product,1.0,requirement-product-alpha-3_10_6,3.10.6,3.10,Alternative Work Sites,not-applicable,Synthetic SaaS product module has no alternate work site under this fixture; approval remains pending.,not-assessed,,not-applicable,not-counted,module-product-alpha,Federal SaaS Product Alpha,,,,none,not-inherited,organization-led,,,,,,,not-counted,,,,,,,none,,,none,,not-reviewed,pending-approval,,,,,
cmmc_l2_ssp_portfolio_crm_v1,1.0,2026-07-22T15:00:00Z,portfolio-mcfirecoal-cmmc-l2,McFirecoal CMMC Level 2 SSP Portfolio,1.3,module-product-alpha,Federal SaaS Product Alpha,product,1.0,requirement-product-alpha-3_11_1,3.11.1,3.11,Risk Assessments,pending-decision,,not-assessed,,pending,not-counted,module-product-alpha,Federal SaaS Product Alpha,,,,none,not-inherited,undecided,,,,,,,not-counted,,,,,,,none,,,none,,not-reviewed,not-submitted,,,,,
cmmc_l2_ssp_portfolio_crm_v1,1.0,2026-07-22T15:00:00Z,portfolio-mcfirecoal-cmmc-l2,McFirecoal CMMC Level 2 SSP Portfolio,1.3,module-product-alpha,Federal SaaS Product Alpha,product,1.0,requirement-product-alpha-3_11_2,3.11.2,3.11,Vulnerability Scan,pending-decision,,not-assessed,,pending,not-counted,module-product-alpha,Federal SaaS Product Alpha,,,,none,not-inherited,undecided,,,,,,,not-counted,,,,,,,none,,,none,,not-reviewed,not-submitted,,,,,
cmmc_l2_ssp_portfolio_crm_v1,1.0,2026-07-22T15:00:00Z,portfolio-mcfirecoal-cmmc-l2,McFirecoal CMMC Level 2 SSP Portfolio,1.3,module-product-alpha,Federal SaaS Product Alpha,product,1.0,requirement-product-alpha-3_11_3,3.11.3,3.11,Vulnerability Remediation,pending-decision,,not-assessed,,pending,not-counted,module-product-alpha,Federal SaaS Product Alpha,,,,none,not-inherited,undecided,,,,,,,not-counted,,,,,,,none,,,none,,not-reviewed,not-submitted,,,,,
cmmc_l2_ssp_portfolio_crm_v1,1.0,2026-07-22T15:00:00Z,portfolio-mcfirecoal-cmmc-l2,McFirecoal CMMC Level 2 SSP Portfolio,1.3,module-product-alpha,Federal SaaS Product Alpha,product,1.0,requirement-product-alpha-3_12_1,3.12.1,3.12,Security Control Assessment,pending-decision,,not-assessed,,pending,not-counted,module-product-alpha,Federal SaaS Product Alpha,,,,none,not-inherited,undecided,,,,,,,not-counted,,,,,,,none,,,none,,not-reviewed,not-submitted,,,,,
cmmc_l2_ssp_portfolio_crm_v1,1.0,2026-07-22T15:00:00Z,portfolio-mcfirecoal-cmmc-l2,McFirecoal CMMC Level 2 SSP Portfolio,1.3,module-product-alpha,Federal SaaS Product Alpha,product,1.0,requirement-product-alpha-3_12_2,3.12.2,3.12,Operational Plan of Action,pending-decision,,not-assessed,,pending,not-counted,module-product-alpha,Federal SaaS Product Alpha,,,,none,not-inherited,undecided,,,,,,,not-counted,,,,,,,none,,,none,,not-reviewed,not-submitted,,,,,
cmmc_l2_ssp_portfolio_crm_v1,1.0,2026-07-22T15:00:00Z,portfolio-mcfirecoal-cmmc-l2,McFirecoal CMMC Level 2 SSP Portfolio,1.3,module-product-alpha,Federal SaaS Product Alpha,product,1.0,requirement-product-alpha-3_12_3,3.12.3,3.12,Security Control Monitoring,pending-decision,,not-assessed,,pending,not-counted,module-product-alpha,Federal SaaS Product Alpha,,,,none,not-inherited,undecided,,,,,,,not-counted,,,,,,,none,,,none,,not-reviewed,not-submitted,,,,,
cmmc_l2_ssp_portfolio_crm_v1,1.0,2026-07-22T15:00:00Z,portfolio-mcfirecoal-cmmc-l2,McFirecoal CMMC Level 2 SSP Portfolio,1.3,module-product-alpha,Federal SaaS Product Alpha,product,1.0,requirement-product-alpha-3_12_4,3.12.4,3.12,System Security Plan,pending-decision,,not-assessed,,pending,not-counted,module-product-alpha,Federal SaaS Product Alpha,,,,none,not-inherited,undecided,,,,,,,not-counted,,,,,,,none,,,none,,not-reviewed,not-submitted,,,,,
cmmc_l2_ssp_portfolio_crm_v1,1.0,2026-07-22T15:00:00Z,portfolio-mcfirecoal-cmmc-l2,McFirecoal CMMC Level 2 SSP Portfolio,1.3,module-product-alpha,Federal SaaS Product Alpha,product,1.0,requirement-product-alpha-3_13_1,3.13.1,3.13,Boundary Protection,pending-decision,,not-assessed,,pending,not-counted,module-product-alpha,Federal SaaS Product Alpha,,,,none,not-inherited,undecided,,,,,,,not-counted,,,,,,,none,,,none,,not-reviewed,not-submitted,,,,,
cmmc_l2_ssp_portfolio_crm_v1,1.0,2026-07-22T15:00:00Z,portfolio-mcfirecoal-cmmc-l2,McFirecoal CMMC Level 2 SSP Portfolio,1.3,module-product-alpha,Federal SaaS Product Alpha,product,1.0,requirement-product-alpha-3_13_2,3.13.2,3.13,Security Engineering,pending-decision,,not-assessed,,pending,not-counted,module-product-alpha,Federal SaaS Product Alpha,,,,none,not-inherited,undecided,,,,,,,not-counted,,,,,,,none,,,none,,not-reviewed,not-submitted,,,,,
cmmc_l2_ssp_portfolio_crm_v1,1.0,2026-07-22T15:00:00Z,portfolio-mcfirecoal-cmmc-l2,McFirecoal CMMC Level 2 SSP Portfolio,1.3,module-product-alpha,Federal SaaS Product Alpha,product,1.0,requirement-product-alpha-3_13_3,3.13.3,3.13,Role Separation,pending-decision,,not-assessed,,pending,not-counted,module-product-alpha,Federal SaaS Product Alpha,,,,none,not-inherited,undecided,,,,,,,not-counted,,,,,,,none,,,none,,not-reviewed,not-submitted,,,,,
cmmc_l2_ssp_portfolio_crm_v1,1.0,2026-07-22T15:00:00Z,portfolio-mcfirecoal-cmmc-l2,McFirecoal CMMC Level 2 SSP Portfolio,1.3,module-product-alpha,Federal SaaS Product Alpha,product,1.0,requirement-product-alpha-3_13_4,3.13.4,3.13,Shared Resource Control,pending-decision,,not-assessed,,pending,not-counted,module-product-alpha,Federal SaaS Product Alpha,,,,none,not-inherited,undecided,,,,,,,not-counted,,,,,,,none,,,none,,not-reviewed,not-submitted,,,,,
cmmc_l2_ssp_portfolio_crm_v1,1.0,2026-07-22T15:00:00Z,portfolio-mcfirecoal-cmmc-l2,McFirecoal CMMC Level 2 SSP Portfolio,1.3,module-product-alpha,Federal SaaS Product Alpha,product,1.0,requirement-product-alpha-3_13_5,3.13.5,3.13,Public-Access System Separation,pending-decision,,not-assessed,,pending,not-counted,module-product-alpha,Federal SaaS Product Alpha,,,,none,not-inherited,undecided,,,,,,,not-counted,,,,,,,none,,,none,,not-reviewed,not-submitted,,,,,
cmmc_l2_ssp_portfolio_crm_v1,1.0,2026-07-22T15:00:00Z,portfolio-mcfirecoal-cmmc-l2,McFirecoal CMMC Level 2 SSP Portfolio,1.3,module-product-alpha,Federal SaaS Product Alpha,product,1.0,requirement-product-alpha-3_13_6,3.13.6,3.13,Network Communication by Exception,pending-decision,,not-assessed,,pending,not-counted,module-product-alpha,Federal SaaS Product Alpha,,,,none,not-inherited,undecided,,,,,,,not-counted,,,,,,,none,,,none,,not-reviewed,not-submitted,,,,,
cmmc_l2_ssp_portfolio_crm_v1,1.0,2026-07-22T15:00:00Z,portfolio-mcfirecoal-cmmc-l2,McFirecoal CMMC Level 2 SSP Portfolio,1.3,module-product-alpha,Federal SaaS Product Alpha,product,1.0,requirement-product-alpha-3_13_7,3.13.7,3.13,Split Tunneling,pending-decision,,not-assessed,,pending,not-counted,module-product-alpha,Federal SaaS Product Alpha,,,,none,not-inherited,undecided,,,,,,,not-counted,,,,,,,none,,,none,,not-reviewed,not-submitted,,,,,
cmmc_l2_ssp_portfolio_crm_v1,1.0,2026-07-22T15:00:00Z,portfolio-mcfirecoal-cmmc-l2,McFirecoal CMMC Level 2 SSP Portfolio,1.3,module-product-alpha,Federal SaaS Product Alpha,product,1.0,requirement-product-alpha-3_13_8,3.13.8,3.13,Data in Transit,pending-decision,,not-assessed,,pending,not-counted,module-product-alpha,Federal SaaS Product Alpha,,,,none,not-inherited,undecided,,,,,,,not-counted,,,,,,,none,,,none,,not-reviewed,not-submitted,,,,,
cmmc_l2_ssp_portfolio_crm_v1,1.0,2026-07-22T15:00:00Z,portfolio-mcfirecoal-cmmc-l2,McFirecoal CMMC Level 2 SSP Portfolio,1.3,module-product-alpha,Federal SaaS Product Alpha,product,1.0,requirement-product-alpha-3_13_9,3.13.9,3.13,Connections Termination,pending-decision,,not-assessed,,pending,not-counted,module-product-alpha,Federal SaaS Product Alpha,,,,none,not-inherited,undecided,,,,,,,not-counted,,,,,,,none,,,none,,not-reviewed,not-submitted,,,,,
cmmc_l2_ssp_portfolio_crm_v1,1.0,2026-07-22T15:00:00Z,portfolio-mcfirecoal-cmmc-l2,McFirecoal CMMC Level 2 SSP Portfolio,1.3,module-product-alpha,Federal SaaS Product Alpha,product,1.0,requirement-product-alpha-3_13_10,3.13.10,3.13,Key Management,pending-decision,,not-assessed,,pending,not-counted,module-product-alpha,Federal SaaS Product Alpha,,,,none,not-inherited,undecided,,,,,,,not-counted,,,,,,,none,,,none,,not-reviewed,not-submitted,,,,,
cmmc_l2_ssp_portfolio_crm_v1,1.0,2026-07-22T15:00:00Z,portfolio-mcfirecoal-cmmc-l2,McFirecoal CMMC Level 2 SSP Portfolio,1.3,module-product-alpha,Federal SaaS Product Alpha,product,1.0,requirement-product-alpha-3_13_11,3.13.11,3.13,CUI Encryption,pending-decision,,not-assessed,,pending,not-counted,module-product-alpha,Federal SaaS Product Alpha,,,,none,not-inherited,undecided,,,,,,,not-counted,,,,,,,none,,,none,,not-reviewed,not-submitted,,,,,
cmmc_l2_ssp_portfolio_crm_v1,1.0,2026-07-22T15:00:00Z,portfolio-mcfirecoal-cmmc-l2,McFirecoal CMMC Level 2 SSP Portfolio,1.3,module-product-alpha,Federal SaaS Product Alpha,product,1.0,requirement-product-alpha-3_13_12,3.13.12,3.13,Collaborative Device Control,pending-decision,,not-assessed,,pending,not-counted,module-product-alpha,Federal SaaS Product Alpha,,,,none,not-inherited,undecided,,,,,,,not-counted,,,,,,,none,,,none,,not-reviewed,not-submitted,,,,,
cmmc_l2_ssp_portfolio_crm_v1,1.0,2026-07-22T15:00:00Z,portfolio-mcfirecoal-cmmc-l2,McFirecoal CMMC Level 2 SSP Portfolio,1.3,module-product-alpha,Federal SaaS Product Alpha,product,1.0,requirement-product-alpha-3_13_13,3.13.13,3.13,Mobile Code,pending-decision,,not-assessed,,pending,not-counted,module-product-alpha,Federal SaaS Product Alpha,,,,none,not-inherited,undecided,,,,,,,not-counted,,,,,,,none,,,none,,not-reviewed,not-submitted,,,,,
cmmc_l2_ssp_portfolio_crm_v1,1.0,2026-07-22T15:00:00Z,portfolio-mcfirecoal-cmmc-l2,McFirecoal CMMC Level 2 SSP Portfolio,1.3,module-product-alpha,Federal SaaS Product Alpha,product,1.0,requirement-product-alpha-3_13_14,3.13.14,3.13,Voice Over Internet Protocol,pending-decision,,not-assessed,,pending,not-counted,module-product-alpha,Federal SaaS Product Alpha,,,,none,not-inherited,undecided,,,,,,,not-counted,,,,,,,none,,,none,,not-reviewed,not-submitted,,,,,
cmmc_l2_ssp_portfolio_crm_v1,1.0,2026-07-22T15:00:00Z,portfolio-mcfirecoal-cmmc-l2,McFirecoal CMMC Level 2 SSP Portfolio,1.3,module-product-alpha,Federal SaaS Product Alpha,product,1.0,requirement-product-alpha-3_13_15,3.13.15,3.13,Communications Authenticity,pending-decision,,not-assessed,,pending,not-counted,module-product-alpha,Federal SaaS Product Alpha,,,,none,not-inherited,undecided,,,,,,,not-counted,,,,,,,none,,,none,,not-reviewed,not-submitted,,,,,
cmmc_l2_ssp_portfolio_crm_v1,1.0,2026-07-22T15:00:00Z,portfolio-mcfirecoal-cmmc-l2,McFirecoal CMMC Level 2 SSP Portfolio,1.3,module-product-alpha,Federal SaaS Product Alpha,product,1.0,requirement-product-alpha-3_13_16,3.13.16,3.13,Data at Rest,pending-decision,,not-assessed,,pending,not-counted,module-product-alpha,Federal SaaS Product Alpha,,,,none,not-inherited,undecided,,,,,,,not-counted,,,,,,,none,,,none,,not-reviewed,not-submitted,,,,,
cmmc_l2_ssp_portfolio_crm_v1,1.0,2026-07-22T15:00:00Z,portfolio-mcfirecoal-cmmc-l2,McFirecoal CMMC Level 2 SSP Portfolio,1.3,module-product-alpha,Federal SaaS Product Alpha,product,1.0,requirement-product-alpha-3_14_1,3.14.1,3.14,Flaw Remediation,pending-decision,,not-assessed,,pending,not-counted,module-product-alpha,Federal SaaS Product Alpha,,,,none,not-inherited,undecided,,,,,,,not-counted,,,,,,,none,,,none,,not-reviewed,not-submitted,,,,,
cmmc_l2_ssp_portfolio_crm_v1,1.0,2026-07-22T15:00:00Z,portfolio-mcfirecoal-cmmc-l2,McFirecoal CMMC Level 2 SSP Portfolio,1.3,module-product-alpha,Federal SaaS Product Alpha,product,1.0,requirement-product-alpha-3_14_2,3.14.2,3.14,Malicious Code Protection,pending-decision,,not-assessed,,pending,not-counted,module-product-alpha,Federal SaaS Product Alpha,,,,none,not-inherited,undecided,,,,,,,not-counted,,,,,,,none,,,none,,not-reviewed,not-submitted,,,,,
cmmc_l2_ssp_portfolio_crm_v1,1.0,2026-07-22T15:00:00Z,portfolio-mcfirecoal-cmmc-l2,McFirecoal CMMC Level 2 SSP Portfolio,1.3,module-product-alpha,Federal SaaS Product Alpha,product,1.0,requirement-product-alpha-3_14_3,3.14.3,3.14,Security Alerts & Advisories,pending-decision,,not-assessed,,pending,not-counted,module-product-alpha,Federal SaaS Product Alpha,,,,none,not-inherited,undecided,,,,,,,not-counted,,,,,,,none,,,none,,not-reviewed,not-submitted,,,,,
cmmc_l2_ssp_portfolio_crm_v1,1.0,2026-07-22T15:00:00Z,portfolio-mcfirecoal-cmmc-l2,McFirecoal CMMC Level 2 SSP Portfolio,1.3,module-product-alpha,Federal SaaS Product Alpha,product,1.0,requirement-product-alpha-3_14_4,3.14.4,3.14,Update Malicious Code Protection,pending-decision,,not-assessed,,pending,not-counted,module-product-alpha,Federal SaaS Product Alpha,,,,none,not-inherited,undecided,,,,,,,not-counted,,,,,,,none,,,none,,not-reviewed,not-submitted,,,,,
cmmc_l2_ssp_portfolio_crm_v1,1.0,2026-07-22T15:00:00Z,portfolio-mcfirecoal-cmmc-l2,McFirecoal CMMC Level 2 SSP Portfolio,1.3,module-product-alpha,Federal SaaS Product Alpha,product,1.0,requirement-product-alpha-3_14_5,3.14.5,3.14,System & File Scanning,pending-decision,,not-assessed,,pending,not-counted,module-product-alpha,Federal SaaS Product Alpha,,,,none,not-inherited,undecided,,,,,,,not-counted,,,,,,,none,,,none,,not-reviewed,not-submitted,,,,,
cmmc_l2_ssp_portfolio_crm_v1,1.0,2026-07-22T15:00:00Z,portfolio-mcfirecoal-cmmc-l2,McFirecoal CMMC Level 2 SSP Portfolio,1.3,module-product-alpha,Federal SaaS Product Alpha,product,1.0,requirement-product-alpha-3_14_6,3.14.6,3.14,Monitor Communications for Attacks,pending-decision,,not-assessed,,pending,not-counted,module-product-alpha,Federal SaaS Product Alpha,,,,none,not-inherited,undecided,,,,,,,not-counted,,,,,,,none,,,none,,not-reviewed,not-submitted,,,,,
cmmc_l2_ssp_portfolio_crm_v1,1.0,2026-07-22T15:00:00Z,portfolio-mcfirecoal-cmmc-l2,McFirecoal CMMC Level 2 SSP Portfolio,1.3,module-product-alpha,Federal SaaS Product Alpha,product,1.0,requirement-product-alpha-3_14_7,3.14.7,3.14,Identify Unauthorized Use,pending-decision,,not-assessed,,pending,not-counted,module-product-alpha,Federal SaaS Product Alpha,,,,none,not-inherited,undecided,,,,,,,not-counted,,,,,,,none,,,none,,not-reviewed,not-submitted,,,,,
